_id,available,cpu_usage,heap_used,memory_used,non_heap_used,time,time_response_get,time_response_post
627cefdbf7301dd01a1e36b2,1,0,0,0,0,1652355035.90202,0,0
627cefe7f7301dd01a1e36b3,1,0,0,0,0,1652355047.884273,0,0
628f5f6b52016e4226c5a3da,1,0,0,0,0,1653563243.125739,0,0
628f5ffd9dc9c74e6963bf69,1,0,0,0,0,1653563389.922326,0,0
628f60089dc9c74e6963bf6a,1,0,0,0,0,1653563400.056688,0,0
628f60129dc9c74e6963bf6b,1,0,0,0,0,1653563410.1577,0,0
628f60b686229988b5d9e64b,1,0.12531659115114946,1.5451935256134173,2.9182560544339173,7.959649819010807,1653563574.437,0.06284450641935464,0.06842215333333333
628f60c086229988b5d9e64c,1,0.16356957756661283,1.089061567012402,2.5712651581264905,8.013385808301848,1653563584.55,0.08103524405882342,0.06753349611538438
628f60ca86229988b5d9e64d,1,0.21470226461903194,1.5906828213468232,2.947986775092797,7.931520696835305,1653563594.668,0.059702409452830216,0.07033464400000014
628f60d486229988b5d9e64e,1,0.20267667349663518,1.54160949347543,2.9105830894742435,7.936963757416174,1653563604.756,0.06934820396078412,0.06753123278688505
628f60de86229988b5d9e64f,1,0.23787110881075313,1.5949458618449708,2.9525584703926984,7.937225662004793,1653563614.856,0.07709025759322034,0.0686847544912282
628f60e886229988b5d9e650,1,0.24732619306123305,1.241964635442895,2.675259838474783,7.937806406962165,1653563624.949,0.062033450885245964,0.06907925131944441
628f60f386229988b5d9e651,1,0.29531999779522344,1.0415608325826253,2.529303640524783,7.991762310703977,1653563635.036,0.06471861063095237,0.07191337877272709
628f60fd86229988b5d9e652,1,0.321987543240722,1.4507968258328539,2.8401390067533976,7.9413058223486885,1653563645.14,0.06149178942352913,0.06934881629347824
628f610786229988b5d9e653,1,0.37393249614355784,1.10276617708379,2.56676536926071,7.942045987490439,1653563655.239,0.07256210920618562,0.07190739560439571
628f611186229988b5d9e654,1,0.39506979726089453,1.6734425622629163,3.016247004565481,7.946543914121072,1653563665.336,0.05993559582978733,0.07087417243678175
628f611b86229988b5d9e655,1,0.42037986345226963,1.1810275603024105,2.6294199437547148,7.947397950823092,1653563675.438,0.05985674255660375,0.07167516998924717
628f612586229988b5d9e656,1,0.45247531018296305,1.603876285244719,2.9958627492451417,8.106738425107801,1653563685.55,0.06649239902752296,0.0725969355813954
628f612f86229988b5d9e657,1,0.5011937791933385,1.668591034930213,3.035851105544429,8.055940322071706,1653563695.653,0.06315948362142863,0.07473478038317777
628f613986229988b5d9e658,1,0.45362224740864304,1.0757523828772764,2.5591109902861273,8.00547244656039,1653563705.745,0.06356407608547013,0.07573069424793391
628f614386229988b5d9e659,1,0.5175622482085935,1.191459826914983,2.639201046924927,7.954788215084563,1653563715.821,0.06591310444444438,0.07503942408527124
628f614d86229988b5d9e65a,1,0.6072563833310098,1.2078911314203928,2.6531729850448205,7.959730240800248,1653563725.923,0.06401491586075929,0.07919201237671257
628f615886229988b5d9e65b,1,0.6470625857201953,1.680162089471973,3.02458723685874,7.960834794934859,1653563736.026,0.06440635752500015,0.07861531546451597
628f616286229988b5d9e65c,1,0.628128726150164,1.1364072324475656,2.597295439622632,7.961153635303613,1653563746.131,0.07056503855063286,0.07986234143292674
628f616c86229988b5d9e65d,1,0.6500468517274907,1.4553849297109585,2.847993565928056,7.961153635303613,1653563756.264,0.06900284819277121,0.08074284499408287
628f617686229988b5d9e65e,1,0.6359865079268467,1.5217862485491096,2.900212871514311,7.961301668331963,1653563766.384,0.06632047873124983,0.07960546569230756
628f618086229988b5d9e65f,1,0.6606600885185057,1.3840469894293106,2.7936786143507506,7.969341000486969,1653563776.495,0.0677840405769233,0.08061026123125004
628f618a86229988b5d9e660,1,0.7193071888106537,1.300851698474599,2.7284632872060066,7.970141659895112,1653563786.6,0.06569159807575757,0.08361370910857138
628f619486229988b5d9e661,1,0.7382420099232799,1.162705770916428,2.6202663460975257,7.971906669079285,1653563796.684,0.07203702156650237,0.08569497656770833
628f619e86229988b5d9e662,1,0.7409257906650492,1.3311250429478725,2.7526342084723736,7.971906669079285,1653563806.795,0.07324034647500013,0.08438601720202042
628f61a886229988b5d9e663,1,0.7811609866169905,1.4536419542115113,2.8493008309941517,7.97366029110743,1653563816.897,0.07331671753947351,0.08654153642564079
628f61b386229988b5d9e664,1,0.8353767175327433,1.4684927179893308,2.8609873023244448,7.973728614043592,1653563826.998,0.07569473909905651,0.09010142281434613
628f61bd86229988b5d9e665,1,0.8305435891740498,1.6505130915382593,3.004081410914611,7.973899421383996,1653563837.133,0.07661611496261682,0.09028189957870396
628f61c786229988b5d9e666,1,0.9130651515566153,1.313686759158696,2.7394820341702935,7.974491553497396,1653563847.225,0.0783693779735681,0.09066617323829787
628f61d186229988b5d9e667,1,0.9138198264418586,1.3357949457206353,2.756857797412174,7.974491553497396,1653563857.359,0.0806524974363637,0.09941645364680851
628f61db86229988b5d9e668,1,0.9262310831693409,1.45357837592372,2.849477550196654,7.974719296617934,1653563867.496,0.08132739275172415,0.09560919794628103
628f61e586229988b5d9e669,1,0.8944803499831899,1.4675305148777587,2.8605942544430176,7.975425300291604,1653563877.644,0.07695504795167271,0.09597870586274518
628f61ef86229988b5d9e66a,1,0.8892072479351342,1.7365587444501964,3.07221290958892,7.976256562681569,1653563887.809,0.08334738325000023,0.09505877578647688
628f61f986229988b5d9e66b,1,0.9017633418559234,1.4489158389282013,2.8463127530304653,7.977053663603453,1653563897.947,0.0794128382000003,0.09597198885185165
628f620486229988b5d9e66c,1,0.8940033544243532,1.6655394709524776,3.017102721600355,7.979558837929376,1653563908.048,0.07715676608015239,0.09378189113409946
628f620e86229988b5d9e66d,1,0.9329467897806291,1.784168027176202,3.1104281324417227,7.979980162702372,1653563918.162,0.08177252318115935,0.09861926475254207
628f621886229988b5d9e66e,1,0.9141810068289753,1.9296235194679312,3.2247892221464456,7.98017374435483,1653563928.278,0.09040948504181191,0.10002410710967745
628f622286229988b5d9e66f,1,0.9337536824592177,1.6447264981680414,3.000876547239579,7.98017374435483,1653563938.507,0.08408219906369446,0.10280441381081112
628f622c86229988b5d9e670,1,0.9447707579410504,1.7094325252225886,3.051758575964141,7.980299003071126,1653563948.722,0.08394332083012866,0.1027046566928329
628f623686229988b5d9e671,1,0.9564982777992994,1.8788665299875302,3.1849239599123496,7.980299003071126,1653563958.938,0.08915967122121181,0.1064669598630576
628f624186229988b5d9e672,1,0.9610245594415754,1.9461011508354817,3.2377665053757045,7.980299003071126,1653563969.356,0.09795098544545426,0.10904164198809545
628f624b86229988b5d9e673,1,0.9644960330822151,1.706550180285224,3.049649219000482,7.981027781056849,1653563979.548,0.09205516132335342,0.1086134778132912
628f625586229988b5d9e674,1,0.9506268085568766,1.9534401786780164,3.243788059856824,7.981483267297926,1653563989.724,0.0970015593928571,0.11190330961516055
628f625f86229988b5d9e675,1,0.9708425327559703,1.7151285970672012,3.0565863617635305,7.981938753539002,1653563999.879,0.10248176400857119,0.11840128745833278
628f626a86229988b5d9e676,1,0.9838430475366137,2.446188772813183,3.6315305566053784,7.9836809884111215,1653564010.008,0.09939504140883972,0.11807929273255814
628f627486229988b5d9e677,1,0.965040836369366,1.8334101864154795,3.1501948280171814,7.9849563498861365,1653564020.18,0.10208584556901411,0.13102157711747037
628f627e86229988b5d9e678,1,0.9808722596218358,1.8528081546240744,3.165535578235766,7.985400448971187,1653564030.528,0.10941479401999978,0.14464282253926744
628f628886229988b5d9e679,1,0.9912898563031302,1.7181084416349286,3.0596693501264918,7.985400448971187,1653564040.716,0.10235233535635332,0.12709151922252748
628f629386229988b5d9e67a,1,0.9968800635320899,2.2121780297679523,3.448004008547569,7.985514320531456,1653564051.095,0.15530984850415497,0.21239848214698773
628f629d86229988b5d9e67b,1,0.9934837926956448,1.8423877120223413,3.1575114600331893,7.986174775581017,1653564061.285,0.1720857293306879,0.2845366869164677
628f62a786229988b5d9e67c,1,0.9934294662119504,1.9027300975684858,3.2054514187243712,7.988577465502698,1653564071.438,0.14828459943434363,0.20373197325956366
628f62b186229988b5d9e67d,1,0.9953203528223359,2.3781683398350313,3.5791429107443267,7.988691337062967,1653564081.739,0.12991010682238385,0.17951449532558084
628f62bc86229988b5d9e67e,1,0.9964882917367339,2.350612967164833,3.5806398442648315,8.096857932162692,1653564092.155,0.34009854262703937,0.4519203106056342
628f62c686229988b5d9e67f,1,1,2.9996875839503256,4.068822984917565,7.994305204984239,1653564102.818,0.6439030474416667,0.7535319295918365
628f62d186229988b5d9e680,1,0.9987574413667167,2.8724067593359397,3.9703037053081767,8.001388016032983,1653564113.283,0.6873460243169538,1.0208240658224546
628f62db86229988b5d9e681,1,0.9963233604958235,2.8667221238296796,3.965918783924023,8.0017751793379,1653564123.628,0.20303369818622385,0.25036272853960534
628f62e686229988b5d9e682,1,0.9990529594295041,3.774818755637736,4.679720701508469,8.002196504110895,1653564134.192,0.6250807169111108,0.986097939255102
628f62f086229988b5d9e683,1,0.9981766174807902,3.4580882019425254,4.430788700819085,8.002196504110895,1653564144.94,0.4856359127583879,0.7047677197890112
628f62fb86229988b5d9e684,1,1,2.9990374571904117,4.070001214497006,8.002196504110895,1653564155.147,0.5915377659407568,0.8100267160203569
628f630586229988b5d9e685,1,1,4.337895790899622,5.122266869835732,8.002196504110895,1653564165.463,0.929708088859648,1.4574675698081858
628f630f86229988b5d9e686,1,0.9991800910266462,3.9002106460614954,4.778271516354856,8.002196504110895,1653564175.762,0.7771806788042919,1.5828364628162808
628f631a86229988b5d9e687,1,0.9978162238548849,2.9610467165277483,4.040142677104592,8.002196504110895,1653564186.39,0.8077655642610839,1.7042825788834952
628f632486229988b5d9e688,1,1,2.77736749240895,3.895886182725555,8.002686151820052,1653564196.698,0.7338459269309515,1.6848844748807088
628f632f86229988b5d9e689,1,1,3.816358056405869,4.712473015841855,8.002686151820052,1653564207.126,0.8775401893578195,1.5799098298541678
628f633986229988b5d9e68a,1,1,3.943802284973328,4.812636850443494,8.002686151820052,1653564217.55,0.8948708309975952,1.5948285823936432
628f634386229988b5d9e68b,1,0.9997438968440641,2.997045595954611,4.068540538881842,8.002686151820052,1653564227.825,0.7580391057577203,1.617138719199113
628f634e86229988b5d9e68c,1,0.999741607138509,4.187805674031404,5.004409482115989,8.002686151820052,1653564238.19,0.7753431903858803,1.5560704121605482
628f635886229988b5d9e68d,1,0.9985122002814374,4.0716805128894595,4.91314178357479,8.002686151820052,1653564248.425,0.8019493669333315,1.6245134030751176
628f636386229988b5d9e68e,1,0.9985720969149307,2.8133194634649423,3.9241423644525226,8.002686151820052,1653564259.097,0.8446410758012423,1.683067198150338
628f636d86229988b5d9e68f,1,0.999202214984344,4.123498755801741,4.953867942544523,8.002686151820052,1653564269.496,0.8038437396576384,1.6025942702529348
628f637786229988b5d9e690,1,0.9994893182665554,3.895512443197216,4.774683811855783,8.002686151820052,1653564279.844,0.7741383710094379,1.65490784742169
628f638286229988b5d9e691,1,1,3.9701347447847617,4.833332649530313,8.002686151820052,1653564290.101,0.6904402577676054,1.6805494134639645
628f638c86229988b5d9e692,1,0.9975469413726147,3.437438439274919,4.414663987655608,8.002686151820052,1653564300.559,0.6701931171666649,1.560096872561094
628f639786229988b5d9e693,1,0.9977637887544337,4.077080209118118,4.917385634285222,8.002686151820052,1653564311.159,0.8397281194437114,1.7277682035805746
628f63a186229988b5d9e694,1,0.9994968105475094,3.9006851571850105,4.778749267578172,8.002686151820052,1653564321.438,0.7390346945857128,1.6116727660557981
628f63ab86229988b5d9e695,1,1,3.923695263786866,4.7968607006725374,8.00281141053635,1653564331.86,0.8461583470722589,1.5836932836398137
628f63b686229988b5d9e696,1,1,3.496035329450454,4.460744586117015,8.00281141053635,1653564342.29,0.8159325188072606,1.6665203117837832
628f63c086229988b5d9e697,1,0.9956506168585135,3.520669008425905,4.480105241160103,8.00281141053635,1653564352.599,0.8282491458305409,1.7023613797512176
628f63ca86229988b5d9e698,1,1,3.1414241340787545,4.182040579506787,8.00281141053635,1653564362.828,0.7646980872624428,1.7701224486546503
628f63d486229988b5d9e699,1,0.9994905427523387,3.425687310863165,4.40559890194381,8.003483252741937,1653564372.962,0.8838056319182739,1.6357158139656784
628f63df86229988b5d9e69a,1,1,3.809071364349016,4.706933782908254,8.003562962834126,1653564383.115,0.7934937402493631,1.451705215747608
628f63e986229988b5d9e69b,1,1,4.759146529852446,5.453638226148213,8.003562962834126,1653564393.402,0.743035118921482,1.6115079383985709
628f63f386229988b5d9e69c,1,1,3.0004330781419264,4.071390593054609,8.003562962834126,1653564403.682,0.8155086205333365,1.524871000726393
628f63fe86229988b5d9e69d,1,0.9994507188430543,3.021262333170797,4.087851377391121,8.003984287607121,1653564414.674,0.7151092498506074,1.5566838587892027
628f640886229988b5d9e69e,1,1,3.0356895647570803,4.0992586019126325,8.004303127975875,1653564424.914,0.7523557698198249,1.7621586265123685
628f641386229988b5d9e69f,1,1,4.528394949401489,5.272673192461843,8.00539629495446,1653564435.221,0.9035083966237808,1.4475691638029549
628f641d86229988b5d9e6a0,1,0,0,0,0,1653564445.434877,0.8933022029115046,1.5570971471846302
628f642786229988b5d9e6a1,1,0,0,0,0,1653564455.936872,0.8933022029115046,1.5570971471846302
628f643286229988b5d9e6a2,1,0,0,0,0,1653564466.40139,0.8933022029115046,1.5570971471846302
628f643d86229988b5d9e6a3,1,0,0,0,0,1653564477.184725,0.8933022029115046,1.5570971471846302
628f644786229988b5d9e6a4,1,0,0,0,0,1653564487.627513,0,0
628f645186229988b5d9e6a5,1,0,0,0,0,1653564497.858315,0,0
628f645c86229988b5d9e6a6,1,0,0,0,0,1653564508.196898,0,0
628f646686229988b5d9e6a7,1,0,0,0,0,1653564518.651426,0,0
628f647186229988b5d9e6a8,1,0,0,0,0,1653564529.080476,0,0
628f647b86229988b5d9e6a9,1,0,0,0,0,1653564539.635259,0,0
628f648586229988b5d9e6aa,1,0,0,0,0,1653564549.962051,0,0
628f649086229988b5d9e6ab,1,0,0,0,0,1653564560.677366,0,0
628f649b86229988b5d9e6ac,1,0,0,0,0,1653564571.203223,0,0
628f64a586229988b5d9e6ad,1,0,0,0,0,1653564581.376915,0,0
628f64b086229988b5d9e6ae,1,0,0,0,0,1653564592.061982,0,0
628f64ba86229988b5d9e6af,1,0,0,0,0,1653564602.227149,0,0
628f651c4753a21f9d0aa3a4,1,0.08394602027057774,4.081690991836685,4.92362869714603,8.014922362668232,1653564700.904,0.06955339348379283,0
628f65274753a21f9d0aa3a5,1,0.12366933960699435,4.2849430244555045,5.083497419001289,8.015503107625605,1653564711.03,0.06137930664440824,0
628f65314753a21f9d0aa3a6,1,0.1550744361966484,4.488195057074323,5.24330032818803,8.015776399370251,1653564721.125,0.05763301549989686,0
628f653b4753a21f9d0aa3a7,1,0.22698678442085263,4.843886114157257,5.523140669739174,8.017120083781428,1653564731.223,0.06772841891671262,0
628f65454753a21f9d0aa3a8,1,0.24421791558843986,5.199577171240191,5.802693385553832,8.017120083781428,1653564741.322,0.06517206245053375,0
628f654f4753a21f9d0aa3a9,1,0.2737039145003234,3.593832692282875,4.542447510166927,8.025421320525053,1653564751.439,0.06795187643399672,0
628f65594753a21f9d0aa3aa,1,0.3170599145116403,4.101962773829923,4.941859720390364,8.025660450801618,1653564761.543,0.06679305526445242,0
628f65634753a21f9d0aa3ab,1,0.37237768490481693,4.660905863531676,5.38115684524197,8.025660450801618,1653564771.645,0.0683462091560388,0
628f656d4753a21f9d0aa3ac,1,0.3893680111607353,5.219848953233429,5.820544157824507,8.026081775574614,1653564781.747,0.06605504926971519,0
628f65774753a21f9d0aa3ad,1,0.4476654401206675,3.8472821091477862,4.741807489392365,8.026184259978857,1653564791.851,0.06954071722413219,0
628f65814753a21f9d0aa3ae,1,0.45770859614498055,4.558664223313653,5.300912921021681,8.026184259978857,1653564801.963,0.06388844553890782,0
628f658c4753a21f9d0aa3af,1,0.4686030666135065,5.270046337479521,5.860128040431861,8.026696682000068,1653564812.066,0.05961710841987329,0
628f65964753a21f9d0aa3b0,1,0.5237395568971993,4.103747230285429,4.943484013611983,8.026696682000068,1653564822.186,0.06703251182466913,0
628f65a04753a21f9d0aa3b1,1,0.5367411746762547,3.345374752518304,5.622397752019009,8.026696682000068,1653564832.271,0.06412178083043292,0
628f65aa4753a21f9d0aa3b2,1,0.5800238325358731,4.361634915612401,5.146168903694844,8.026696682000068,1653564842.384,0.06397184083749986,0
628f65b44753a21f9d0aa3b3,1,0.619247463334659,5.377895078706497,5.94489094887958,8.026696682000068,1653564852.479,0.06361766357750717,0
628f65be4753a21f9d0aa3b4,1,0.6294248869640892,4.418891040493265,5.191168925170606,8.026696682000068,1653564862.593,0.06433654944567195,0
628f65c84753a21f9d0aa3b5,1,0.6816845747558815,3.582794687410096,4.534045273808651,8.026696682000068,1653564872.699,0.06571216858107642,0
628f65d24753a21f9d0aa3b6,1,0.7101101088988803,4.802306883123012,5.492511728030336,8.026696682000068,1653564882.784,0.06635653875000572,0
628f65dc4753a21f9d0aa3b7,1,0.7357330472293193,4.1615497795360605,4.9889134932186545,8.026696682000068,1653564892.917,0.06532163352939653,0
628f65e64753a21f9d0aa3b8,1,0.6944028814365963,3.4737106278047865,4.44831147615615,8.026696682000068,1653564902.991,0.06429488985074264,0
628f65f14753a21f9d0aa3b9,1,0.7564716302986977,4.896474856136521,5.5665223394147825,8.026696682000068,1653564913.11,0.06455468595988434,0
628f65fb4753a21f9d0aa3ba,1,0.7776092718330421,4.354392224382769,5.140476564900454,8.026696682000068,1653564923.207,0.06503395439560315,0
628f66054753a21f9d0aa3bb,1,0.7957720177753111,4.02546219904513,4.881997918672454,8.026890263652525,1653564933.308,0.06607007435896099,0
628f660f4753a21f9d0aa3bc,1,0.7932011286623033,3.738812898106116,4.656708052739192,8.026890263652525,1653564943.437,0.06787450411311721,0
628f66194753a21f9d0aa3bd,1,0.842253154377592,3.549027250815711,4.50754744814658,8.026890263652525,1653564953.557,0.06554513467934658,0
628f66234753a21f9d0aa3be,1,0.8431329075280081,5.22585651992097,5.825438822701396,8.026890263652525,1653564963.639,0.06658602079440702,0
628f662d4753a21f9d0aa3bf,1,0.8478640285124341,5.291087455522281,5.876706586788661,8.026890263652525,1653564973.787,0.07027411453744745,0
628f66374753a21f9d0aa3c0,1,0.8796431309513928,5.255920908924002,5.8490677035173295,8.026890263652525,1653564983.904,0.06888432660943389,0
628f66424753a21f9d0aa3c1,1,0.8966325164223241,5.222569057235179,5.8229379412977105,8.027277426957442,1653564994.029,0.06794775327511972,0
628f664c4753a21f9d0aa3c2,1,0.9011181102441091,3.6688110710493,4.601773517544148,8.027277426957442,1653565004.229,0.07276360831556479,0
628f66564753a21f9d0aa3c3,1,0.9415893570186528,3.9876953392434387,4.85239821397405,8.027277426957442,1653565014.336,0.07322135174417921,0
628f66604753a21f9d0aa3c4,1,0.8981011743175926,4.207517850790333,5.025166066514703,8.027277426957442,1653565024.451,0.07147910610997972,0
628f666a4753a21f9d0aa3c5,1,0.9212740090686328,4.6640326359717985,5.38396043445201,8.027277426957442,1653565034.595,0.07633374750957782,0
628f66744753a21f9d0aa3c6,1,0.9147759057651996,5.088601851409336,5.717647421693829,8.027277426957442,1653565044.707,0.07478804177215477,0
628f667e4753a21f9d0aa3c7,1,0.9284610004253789,3.888708597222338,4.774600327267015,8.027277426957442,1653565054.8,0.07631644068716749,0
628f66884753a21f9d0aa3c8,1,0.9643440511415313,4.399274037329779,5.175875401635449,8.027277426957442,1653565064.93,0.07695159982548264,0
628f66934753a21f9d0aa3c9,1,0.9658886080506917,4.974292742030549,5.627807035401116,8.027277426957442,1653565075.049,0.08627676812080462,0
628f669d4753a21f9d0aa3ca,1,0.9575217394776394,4.07734382640896,4.922856769388204,8.027277426957442,1653565085.187,0.08814834109149894,0
628f66a74753a21f9d0aa3cb,1,0.9806941035027721,4.902952088041496,5.571737384018276,8.027277426957442,1653565095.342,0.0851816086178883,0
628f66b14753a21f9d0aa3cc,1,0.9701970706552039,4.1023194325175325,4.942486159494407,8.027277426957442,1653565105.477,0.07935059842767608,0
628f66bb4753a21f9d0aa3cd,1,0.9822708443416872,4.929767975443634,5.592813129390474,8.027277426957442,1653565115.579,0.08933078317757553,0
628f66c54753a21f9d0aa3ce,1,0.9843707463423246,4.334200302921757,5.124731188645796,8.027277426957442,1653565125.72,0.09685049082569702,0
628f66cf4753a21f9d0aa3cf,1,0.9979073514751117,3.8894965415512144,4.775615243928281,8.02912570472006,1653565135.847,0.17397507539797716,0
628f66d94753a21f9d0aa3d0,1,0.9992212080229269,5.022425770285859,5.666168965660822,8.029763385457569,1653565145.932,0.13284115956521947,0
628f66e44753a21f9d0aa3d1,1,0.99869842292938,4.635720138935403,5.36277926693487,8.032279946939518,1653565156.077,0.2901580477306014,0
628f66ee4753a21f9d0aa3d2,1,0.9994787001330465,4.358862863497454,5.145224370026297,8.032462141435948,1653565166.201,0.456596718922858,0
628f66f84753a21f9d0aa3d3,1,0.9986957999968108,4.068567308986365,4.91706875847384,8.032462141435948,1653565176.346,0.43739581938776406,0
628f67024753a21f9d0aa3d4,1,0.9989594135314361,3.841575957818524,4.73866661025617,8.032462141435948,1653565186.502,0.9236699924963963,0
628f670c4753a21f9d0aa3d5,1,0.9992189144674749,5.07402439673452,5.70730020769905,8.032462141435948,1653565196.669,0.9924359841569809,0
628f67164753a21f9d0aa3d6,1,0.9976531635370339,4.884310081181638,5.558195665749991,8.032462141435948,1653565206.827,1.3218078245664753,0
628f67204753a21f9d0aa3d7,1,0.9997419159957477,4.800841481123921,5.4925941462101235,8.032462141435948,1653565216.984,1.3278521495689681,0
628f672b4753a21f9d0aa3d8,1,0.9994910114291496,4.75986197942634,5.460386614521692,8.032462141435948,1653565227.129,1.452818468226952,0
628f67354753a21f9d0aa3d9,1,0.999238528975686,4.780350664175793,5.4764895424731375,8.032462141435948,1653565237.246,1.4260391653089879,0
628f673f4753a21f9d0aa3da,1,0.9987721257456096,4.844122206701555,5.526610307529679,8.032462141435948,1653565247.41,1.4565975378932974,0
628f67494753a21f9d0aa3db,1,1,4.804146389071605,5.495206238836072,8.03253046437211,1653565257.516,1.4189853292151215,0
628f67534753a21f9d0aa3dc,1,0.9989618841482801,4.917500273443577,5.5842958732064325,8.03253046437211,1653565267.7,1.4598872001443048,0
628f675d4753a21f9d0aa3dd,1,0.9994857537578806,5.032381393576241,5.674585827056546,8.03253046437211,1653565277.84,1.4456166583333399,0
628f67684753a21f9d0aa3de,1,0.998270211895342,5.150112681829887,5.767115849142514,8.03253046437211,1653565287.997,1.4677996834492337,0
628f67724753a21f9d0aa3df,1,0.9995095257128146,4.050730691717277,4.903064828084527,8.03253046437211,1653565298.148,1.4590444701369822,0
628f677c4753a21f9d0aa3e0,1,0.9992495922636714,4.217801832676807,5.034373136965063,8.03253046437211,1653565308.283,1.457508529143645,0
628f67864753a21f9d0aa3e1,1,0.999210074101205,4.38120229669761,5.162796504864752,8.03253046437211,1653565318.477,1.4499613340611328,0
628f67904753a21f9d0aa3e2,1,0.9984319231031549,4.648521859785658,5.372894308460156,8.03253046437211,1653565328.655,1.4324481908177982,0
628f679a4753a21f9d0aa3e3,1,0.9991948939503669,4.967697270017182,5.623747825788469,8.03253046437211,1653565338.817,1.4618049967261868,0
628f67a44753a21f9d0aa3e4,1,0.9992256610327702,5.229960808535883,5.829871884833818,8.03253046437211,1653565348.972,1.4903389251428598,0
628f67af4753a21f9d0aa3e5,1,0.9997432413779506,4.286454171808005,5.0883299274690215,8.03253046437211,1653565359.139,1.4245388834285717,0
628f67b94753a21f9d0aa3e6,1,0.999490107236473,4.604556310760566,5.338339915293668,8.03253046437211,1653565369.357,1.4349811044096665,0
628f67c34753a21f9d0aa3e7,1,0.9989713503200066,5.020538192948935,5.665292377478756,8.032598787308272,1653565379.532,1.4701697169252408,0
628f67cd4753a21f9d0aa3e8,1,0.9997446689870982,4.170157271754527,4.9970978774566035,8.033327565293995,1653565389.673,1.4062274536723212,0
628f67d74753a21f9d0aa3e9,1,0.998946068037305,4.594051937065498,5.333308902411401,8.047595671795728,1653565399.858,1.4448206893895437,0
628f67e24753a21f9d0aa3ea,1,0.9997431948154581,5.111684065093686,5.740137987095025,8.047595671795728,1653565410.013,1.388196862957741,0
628f67ec4753a21f9d0aa3eb,1,0.9997476065606322,4.471060902350831,5.2366450220841445,8.047595671795728,1653565420.178,1.4564673347280357,0
628f67f64753a21f9d0aa3ec,1,0.9974263970792456,4.988330944276598,5.643189527914084,8.047595671795728,1653565430.319,1.4555104390070945,0
628f68004753a21f9d0aa3ed,1,0.9997444265567679,4.391268018974166,5.173932404472766,8.047595671795728,1653565440.461,1.4137180992937761,0
628f680a4753a21f9d0aa3ee,1,0,0,0,0,1653565450.57295,1.4157881131284933,0
628f68144753a21f9d0aa3ef,1,0,0,0,0,1653565460.719058,1.4157881131284933,0
628f681e4753a21f9d0aa3f0,1,0,0,0,0,1653565470.897823,1.4157881131284933,0
628f68294753a21f9d0aa3f1,1,0,0,0,0,1653565481.048904,1.4157881131284933,0
628f68334753a21f9d0aa3f2,1,0,0,0,0,1653565491.178793,1.4157881131284933,0
628f683d4753a21f9d0aa3f3,1,0,0,0,0,1653565501.358962,0,0
628f68474753a21f9d0aa3f4,1,0,0,0,0,1653565511.505763,0,0
628f68514753a21f9d0aa3f5,1,0,0,0,0,1653565521.65467,0,0
628f685b4753a21f9d0aa3f6,1,0,0,0,0,1653565531.808967,0,0
628f68664753a21f9d0aa3f7,1,0,0,0,0,1653565542.021374,0,0
628f68704753a21f9d0aa3f8,1,0,0,0,0,1653565552.17384,0,0
628f687a4753a21f9d0aa3f9,1,0,0,0,0,1653565562.326136,0,0
628f68844753a21f9d0aa3fa,1,0,0,0,0,1653565572.470234,0,0
628f688e4753a21f9d0aa3fb,1,0,0,0,0,1653565582.62684,0,0
628f68984753a21f9d0aa3fc,1,0,0,0,0,1653565592.792226,0,0
628f68a24753a21f9d0aa3fd,1,0,0,0,0,1653565602.970577,0,0
628f68ad4753a21f9d0aa3fe,1,0,0,0,0,1653565613.114439,0,0
628f68b74753a21f9d0aa3ff,1,0,0,0,0,1653565623.266365,0,0
628f68c14753a21f9d0aa400,1,0,0,0,0,1653565633.468498,0,0
628f68cb4753a21f9d0aa401,1,0,0,0,0,1653565643.64728,0,0
628f68d54753a21f9d0aa402,1,0,0,0,0,1653565653.79715,0,0
628f68df4753a21f9d0aa403,1,0,0,0,0,1653565663.987785,0,0
628f68ea4753a21f9d0aa404,1,0,0,0,0,1653565674.134042,0,0
628f68f44753a21f9d0aa405,1,0,0,0,0,1653565684.243776,0,0
628f68fe4753a21f9d0aa406,1,0,0,0,0,1653565694.393183,0,0
628f69084753a21f9d0aa407,1,0,0,0,0,1653565704.550538,0,0
628f69124753a21f9d0aa408,1,0,0,0,0,1653565714.718196,0,0
628f691c4753a21f9d0aa409,1,0,0,0,0,1653565724.900294,0,0
628f69274753a21f9d0aa40a,1,0,0,0,0,1653565735.064169,0,0
628f69314753a21f9d0aa40b,1,0,0,0,0,1653565745.228416,0,0
628f693b4753a21f9d0aa40c,1,0,0,0,0,1653565755.391958,0,0
628f69454753a21f9d0aa40d,1,0,0,0,0,1653565765.538186,0,0
628f694f4753a21f9d0aa40e,1,0,0,0,0,1653565775.664372,0,0
628f69594753a21f9d0aa40f,1,0,0,0,0,1653565785.824754,0,0
628f69634753a21f9d0aa410,1,0,0,0,0,1653565795.949294,0,0
628f696e4753a21f9d0aa411,1,0,0,0,0,1653565806.082619,0,0
628f69784753a21f9d0aa412,1,0,0,0,0,1653565816.237727,0,0
628f69824753a21f9d0aa413,1,0,0,0,0,1653565826.406299,0,0
628f698c4753a21f9d0aa414,1,0,0,0,0,1653565836.574189,0,0
628f69964753a21f9d0aa415,1,0,0,0,0,1653565846.699586,0,0
628f69a04753a21f9d0aa416,1,0,0,0,0,1653565856.859709,0,0
628f69ab4753a21f9d0aa417,1,0,0,0,0,1653565867.015379,0,0
628f69b54753a21f9d0aa418,1,0,0,0,0,1653565877.169132,0,0
628f69bf4753a21f9d0aa419,1,0,0,0,0,1653565887.289786,0,0
628f69c94753a21f9d0aa41a,1,0,0,0,0,1653565897.469534,0,0
628f69d34753a21f9d0aa41b,1,0,0,0,0,1653565907.655198,0,0
628f69dd4753a21f9d0aa41c,1,0,0,0,0,1653565917.814678,0,0
628f69e74753a21f9d0aa41d,1,0,0,0,0,1653565927.9664,0,0
628f69f24753a21f9d0aa41e,1,0,0,0,0,1653565938.104475,0,0
628f69fc4753a21f9d0aa41f,1,0,0,0,0,1653565948.213112,0,0
628f6a064753a21f9d0aa420,1,0,0,0,0,1653565958.338438,0,0
628f6a104753a21f9d0aa421,1,0,0,0,0,1653565968.440095,0,0
628f6a1a4753a21f9d0aa422,1,0,0,0,0,1653565978.590903,0,0
628f6a244753a21f9d0aa423,1,0,0,0,0,1653565988.741399,0,0
628f6a2e4753a21f9d0aa424,1,0,0,0,0,1653565998.898147,0,0
628f6a394753a21f9d0aa425,1,0,0,0,0,1653566009.017979,0,0
628f6a434753a21f9d0aa426,1,0,0,0,0,1653566019.177137,0,0
628f6a4d4753a21f9d0aa427,1,0,0,0,0,1653566029.323567,0,0
628f6a574753a21f9d0aa428,1,0,0,0,0,1653566039.44535,0,0
628f6a614753a21f9d0aa429,1,0,0,0,0,1653566049.599539,0,0
628f6a6b4753a21f9d0aa42a,1,0,0,0,0,1653566059.720085,0,0
628f6a754753a21f9d0aa42b,1,0,0,0,0,1653566069.851272,0,0
628f6a7f4753a21f9d0aa42c,1,0,0,0,0,1653566079.989144,0,0
628f6a8a4753a21f9d0aa42d,1,0,0,0,0,1653566090.119129,0,0
628f6a944753a21f9d0aa42e,1,0,0,0,0,1653566100.297449,0,0
628f6a9e4753a21f9d0aa42f,1,0,0,0,0,1653566110.427422,0,0
628f6aa84753a21f9d0aa430,1,0,0,0,0,1653566120.537766,0,0
628f6ab24753a21f9d0aa431,1,0,0,0,0,1653566130.674915,0,0
628f6abc4753a21f9d0aa432,1,0,0,0,0,1653566140.854636,0,0
628f6ac74753a21f9d0aa433,1,0,0,0,0,1653566151.000252,0,0
628f6ad14753a21f9d0aa434,1,0,0,0,0,1653566161.13755,0,0
628f6adb4753a21f9d0aa435,1,0,0,0,0,1653566171.293555,0,0
628f6ae54753a21f9d0aa436,1,0,0,0,0,1653566181.46696,0,0
628f6aef4753a21f9d0aa437,1,0,0,0,0,1653566191.585233,0,0
628f6af94753a21f9d0aa438,1,0,0,0,0,1653566201.717592,0,0
628f6b034753a21f9d0aa439,1,0,0,0,0,1653566211.947677,0,0
628f6b0e4753a21f9d0aa43a,1,0,0,0,0,1653566222.109644,0,0
628f6b184753a21f9d0aa43b,1,0,0,0,0,1653566232.277636,0,0
628f6b224753a21f9d0aa43c,1,0,0,0,0,1653566242.405474,0,0
628f6b2c4753a21f9d0aa43d,1,0,0,0,0,1653566252.562185,0,0
628f6b364753a21f9d0aa43e,1,0,0,0,0,1653566262.758506,0,0
628f6b404753a21f9d0aa43f,1,0,0,0,0,1653566272.942295,0,0
628f6b4b4753a21f9d0aa440,1,0,0,0,0,1653566283.087522,0,0
628f6b554753a21f9d0aa441,1,0,0,0,0,1653566293.252308,0,0
628f6b5f4753a21f9d0aa442,1,0,0,0,0,1653566303.437988,0,0
628f6b694753a21f9d0aa443,1,0,0,0,0,1653566313.591288,0,0
628f6b734753a21f9d0aa444,1,0,0,0,0,1653566323.774798,0,0
628f6b7d4753a21f9d0aa445,1,0,0,0,0,1653566333.924467,0,0
628f6b884753a21f9d0aa446,1,0,0,0,0,1653566344.098991,0,0
628f6b924753a21f9d0aa447,1,0,0,0,0,1653566354.260945,0,0
628f6b9c4753a21f9d0aa448,1,0,0,0,0,1653566364.393071,0,0
628f6ba64753a21f9d0aa449,1,0,0,0,0,1653566374.522763,0,0
628f6bb04753a21f9d0aa44a,1,0,0,0,0,1653566384.700146,0,0
628f6bba4753a21f9d0aa44b,1,0,0,0,0,1653566394.851534,0,0
628f6bc44753a21f9d0aa44c,1,0,0,0,0,1653566404.980966,0,0
628f6bcf4753a21f9d0aa44d,1,0,0,0,0,1653566415.128137,0,0
628f6bd94753a21f9d0aa44e,1,0,0,0,0,1653566425.278695,0,0
628f6be34753a21f9d0aa44f,1,0,0,0,0,1653566435.43042,0,0
628f6bed4753a21f9d0aa450,1,0,0,0,0,1653566445.562081,0,0
628f6bf74753a21f9d0aa451,1,0,0,0,0,1653566455.753291,0,0
628f6c014753a21f9d0aa452,1,0,0,0,0,1653566465.890813,0,0
628f6c0c4753a21f9d0aa453,1,0,0,0,0,1653566476.018872,0,0
628f6c164753a21f9d0aa454,1,0,0,0,0,1653566486.157175,0,0
628f6c204753a21f9d0aa455,1,0,0,0,0,1653566496.325224,0,0
628f6c2a4753a21f9d0aa456,1,0,0,0,0,1653566506.475767,0,0
628f6c344753a21f9d0aa457,1,0,0,0,0,1653566516.642753,0,0
628f6c3e4753a21f9d0aa458,1,0,0,0,0,1653566526.766892,0,0
628f6c484753a21f9d0aa459,1,0,0,0,0,1653566536.902953,0,0
628f6c534753a21f9d0aa45a,1,0,0,0,0,1653566547.07396,0,0
628f6c5d4753a21f9d0aa45b,1,0,0,0,0,1653566557.239038,0,0
628f6c674753a21f9d0aa45c,1,0,0,0,0,1653566567.423457,0,0
628f6c714753a21f9d0aa45d,1,0,0,0,0,1653566577.650251,0,0
628f6c7b4753a21f9d0aa45e,1,0,0,0,0,1653566587.79982,0,0
628f6c854753a21f9d0aa45f,1,0,0,0,0,1653566597.963621,0,0
628f6c904753a21f9d0aa460,1,0,0,0,0,1653566608.152607,0,0
628f6c9a4753a21f9d0aa461,1,0,0,0,0,1653566618.29389,0,0
628f6ca44753a21f9d0aa462,1,0,0,0,0,1653566628.422779,0,0
628f6cae4753a21f9d0aa463,1,0,0,0,0,1653566638.608963,0,0
628f6cb84753a21f9d0aa464,1,0,0,0,0,1653566648.74603,0,0
628f6cc24753a21f9d0aa465,1,0,0,0,0,1653566658.889113,0,0
628f6ccc4753a21f9d0aa466,1,0,0,0,0,1653566668.994794,0,0
628f6cd74753a21f9d0aa467,1,0,0,0,0,1653566679.147357,0,0
628f6ce14753a21f9d0aa468,1,0,0,0,0,1653566689.280049,0,0
628f6ceb4753a21f9d0aa469,1,0,0,0,0,1653566699.481683,0,0
628f6cf54753a21f9d0aa46a,1,0,0,0,0,1653566709.632444,0,0
628f6cff4753a21f9d0aa46b,1,0,0,0,0,1653566719.780919,0,0
628f6d094753a21f9d0aa46c,1,0,0,0,0,1653566729.952066,0,0
628f6d144753a21f9d0aa46d,1,0,0,0,0,1653566740.083056,0,0
628f6d1e4753a21f9d0aa46e,1,0,0,0,0,1653566750.221705,0,0
628f6d284753a21f9d0aa46f,1,0,0,0,0,1653566760.401151,0,0
628f6d324753a21f9d0aa470,1,0,0,0,0,1653566770.569687,0,0
628f6d3c4753a21f9d0aa471,1,0,0,0,0,1653566780.754968,0,0
628f6d464753a21f9d0aa472,1,0,0,0,0,1653566790.864222,0,0
628f6d514753a21f9d0aa473,1,0,0,0,0,1653566801.006479,0,0
628f6d5b4753a21f9d0aa474,1,0,0,0,0,1653566811.163281,0,0
628f6d654753a21f9d0aa475,1,0,0,0,0,1653566821.320004,0,0
628f6d6f4753a21f9d0aa476,1,0,0,0,0,1653566831.464912,0,0
628f6d794753a21f9d0aa477,1,0,0,0,0,1653566841.658768,0,0
628f6d834753a21f9d0aa478,1,0,0,0,0,1653566851.795344,0,0
628f6d8e4753a21f9d0aa479,1,0,0,0,0,1653566862.001035,0,0
628f6d984753a21f9d0aa47a,1,0,0,0,0,1653566872.134073,0,0
628f6da24753a21f9d0aa47b,1,0,0,0,0,1653566882.283007,0,0
628f6dac4753a21f9d0aa47c,1,0,0,0,0,1653566892.417225,0,0
628f6db64753a21f9d0aa47d,1,0,0,0,0,1653566902.597036,0,0
628f6dc04753a21f9d0aa47e,1,0,0,0,0,1653566912.755846,0,0
628f6dca4753a21f9d0aa47f,1,0,0,0,0,1653566922.905869,0,0
628f6dd54753a21f9d0aa480,1,0,0,0,0,1653566933.0406,0,0
628f6ddf4753a21f9d0aa481,1,0,0,0,0,1653566943.178054,0,0
628f6de94753a21f9d0aa482,1,0,0,0,0,1653566953.315661,0,0
628f6df34753a21f9d0aa483,1,0,0,0,0,1653566963.494843,0,0
628f6dfd4753a21f9d0aa484,1,0,0,0,0,1653566973.667564,0,0
628f6e074753a21f9d0aa485,1,0,0,0,0,1653566983.777365,0,0
628f6e114753a21f9d0aa486,1,0,0,0,0,1653566993.954309,0,0
628f6e1c4753a21f9d0aa487,1,0,0,0,0,1653567004.093886,0,0
628f6e264753a21f9d0aa488,1,0,0,0,0,1653567014.248975,0,0
628f708731e2ee731610305f,1,0.05619370330637629,6.581613691154347,6.899911378652473,8.068586470536854,1653567623.911,0,0.06718972558121815
628f709231e2ee7316103060,1,0.07019630929788889,7.4457666774328,7.57908593022733,8.068586470536854,1653567634.022,0,0.06730454821445164
628f709c31e2ee7316103061,1,0.07155396124635982,4.804838190623822,5.503468013897186,8.068586470536854,1653567644.115,0,0.06698662950824297
628f70a631e2ee7316103062,1,0.10970635777056692,4.1460139984745386,4.985699336551077,8.068723116409176,1653567654.18,0,0.06606789139789149
628f70b031e2ee7316103063,1,0.12163187053571711,4.5524581683130085,5.305141080285685,8.068723116409176,1653567664.246,0,0.06651283200000761
628f70ba31e2ee7316103064,1,0.1473937088776347,6.68828235733232,6.983776066050234,8.068723116409176,1653567674.327,0,0.06609512580642683
628f70c431e2ee7316103065,1,0.1475485101316807,5.317820574848546,5.906671917423275,8.068723116409176,1653567684.407,0,0.06655829590167965
628f70ce31e2ee7316103066,1,0.1716257842046386,5.8793827798693075,6.34802751629575,8.068723116409176,1653567694.479,0,0.06733981543630768
628f70d831e2ee7316103067,1,0.18934718861778754,8.014998982599595,8.026499036797984,8.068723116409176,1653567704.575,0,0.06698283926384563
628f70e231e2ee7316103068,1,0.2184239465189316,6.491318372445048,6.828973700917742,8.068723116409176,1653567714.64,0,0.06671275217392933
628f70ec31e2ee7316103069,1,0.23252323843803369,6.899349479607135,7.14966268612725,8.068723116409176,1653567724.722,0,0.0677085596858859
628f70f631e2ee731610306a,1,0.24539101176649336,4.512629472391697,5.273838015756956,8.068723116409176,1653567734.79,0,0.06762709130436308
628f710031e2ee731610306b,1,0.271478660774769,7.51288964860463,7.631869975540892,8.068723116409176,1653567744.888,0,0.06881175022619689
628f710a31e2ee731610306c,1,0.30363635730426863,7.667631253802501,7.753487978358708,8.068723116409176,1653567754.975,0,0.06915415789471771
628f711531e2ee731610306d,1,0.29311715320644016,5.129212870408468,5.7584371081699794,8.068723116409176,1653567765.083,0,0.06889073008133573
628f711f31e2ee731610306e,1,0.32372117964699554,7.882898613632645,7.922695243657223,8.068814213657392,1653567775.159,0,0.06998031513944715
628f712931e2ee731610306f,1,0.3198931785480378,8.253086295676951,8.213641473020784,8.068814213657392,1653567785.279,0,0.06998546268656736
628f713331e2ee7316103070,1,0.37233287442303087,4.9679318118715345,5.631698971147944,8.068814213657392,1653567795.374,0,0.070038144816078
628f713d31e2ee7316103071,1,0.3887845325781348,7.521150173947651,7.638381773464814,8.068814213657392,1653567805.475,0,0.07091267993420938
628f714731e2ee7316103072,1,0.38604313713259425,7.58765519517595,7.690711833240913,8.069098892558065,1653567815.555,0,0.07140413846154377
628f715131e2ee7316103073,1,0.42513764918344643,4.812087084613237,5.509274915484922,8.069098892558065,1653567825.643,0,0.07323544053253188
628f715b31e2ee7316103074,1,0.4730310438816151,5.638554040803442,6.158866977249205,8.069269699898468,1653567835.724,0,0.07415520476191038
628f716531e2ee7316103075,1,0.4410431628656297,5.146680811142864,5.772282905341879,8.069269699898468,1653567845.811,0,0.07349151734104063
628f716f31e2ee7316103076,1,0.5433986228005506,8.055165341256675,8.058184485118334,8.069269699898468,1653567855.912,0,0.07695481092233218
628f717a31e2ee7316103077,1,0.5416518190957526,7.817746763218587,7.87158713622877,8.069269699898468,1653567866.002,0,0.07510112052504696
628f718431e2ee7316103078,1,0.5397477423091073,4.479046180228415,5.247560479721452,8.069269699898468,1653567876.114,0,0.07642289508600789
628f718e31e2ee7316103079,1,0.5572118961509727,6.221880760726832,6.617328233203184,8.069269699898468,1653567886.195,0,0.07654268661971114
628f719831e2ee731610307a,1,0.6236344798279199,7.058214563208002,7.274638506136747,8.069269699898468,1653567896.306,0,0.08339868239130263
628f71a231e2ee731610307b,1,0.6047678733180256,7.377970319151864,7.525948141820485,8.069269699898468,1653567906.402,0,0.0828301782705013
628f71ac31e2ee731610307c,1,0.639694890753268,6.782343720412033,7.05781988845722,8.069269699898468,1653567916.505,0,0.08350090340425091
628f71b631e2ee731610307d,1,0.7437095866314758,8.323128440672367,8.26878807125883,8.069269699898468,1653567926.821,0,0.09615129479998723
628f71c031e2ee731610307e,1,0.7283695320553973,6.6657089637865425,6.96615167717173,8.069269699898468,1653567936.919,0,0.08621361888245825
628f71cb31e2ee731610307f,1,0.7278484360209083,5.152551335606415,5.776896799968586,8.069269699898468,1653567947.004,0,0.08846410402296745
628f71d531e2ee7316103080,1,0.7281139416637992,7.15438079405334,7.350219633261362,8.069269699898468,1653567957.143,0,0.09797102614502642
628f71df31e2ee7316103081,1,0.8026916616852838,8.088908548320653,8.084719330406447,8.06933802283463,1653567967.358,0,0.10444893807018577
628f71e931e2ee7316103082,1,0.8333387395961754,4.649803117353646,5.38178023746321,8.06933802283463,1653567977.453,0,0.09850687999998503
628f71f331e2ee7316103083,1,0.8067589027002788,6.74750630775482,7.030454310573207,8.06933802283463,1653567987.551,0,0.09616293019195978
628f71fe31e2ee7316103084,1,0.8196482623333813,7.225644882726304,7.406265671302487,8.069440507238873,1653567998.183,0,0.10764668243243519
628f720831e2ee7316103085,1,0.9185454921671841,5.920938362881875,6.380841377661731,8.069440507238873,1653568008.38,0,0.1276575525236683
628f721231e2ee7316103086,1,0.9509883941868023,5.035661878157273,5.685742597811753,8.072606136614356,1653568018.485,0,0.184240051811033
628f721c31e2ee7316103087,1,0.9396903689897631,5.10333011068141,5.738981999760037,8.072868041202975,1653568028.706,0,0.14282099954199176
628f722731e2ee7316103088,1,0.9475024252558542,7.19920736367102,7.386220991070404,8.072868041202975,1653568039.31,0,0.19032227472867363
628f723131e2ee7316103089,1,0.9615628265372093,6.45854609112359,6.804615701047347,8.075259343968629,1653568049.787,0,0.17380260655228028
628f723c31e2ee731610308a,1,0.9771083705280222,4.89756092060754,5.577817438649189,8.075475699933142,1653568060.137,0,0.41036012113822473
628f724631e2ee731610308b,1,0.9750530232951706,7.488724859501639,7.614323282173832,8.075475699933142,1653568070.329,0,0.4032250031203602
628f725031e2ee731610308c,1,0.9937805275519587,7.880664069420276,7.922364961561512,8.075475699933142,1653568080.677,0,0.7196837274658608
628f725a31e2ee731610308d,1,0.9986660961487666,5.394654160299269,5.968504138249085,8.075475699933142,1653568090.979,0,0.6377407682403426
628f726531e2ee731610308e,1,1,8.204945707808154,8.177231680572165,8.075475699933142,1653568101.629,0,0.9161797909849843
628f727031e2ee731610308f,1,0.9997244492026094,7.256516212010053,7.431820639081554,8.075475699933142,1653568112.276,0,1.3809566283171404
628f727a31e2ee7316103090,1,0.9984290782887058,8.1233823241855,8.113142176622672,8.075544022869302,1653568122.458,0,1.6098366590164115
628f728531e2ee7316103091,1,0.9974373753903231,6.029405441724869,6.467396767261727,8.075544022869302,1653568133.143,0,1.3558570937165835
628f728f31e2ee7316103092,1,0.9971415990624748,6.2123232770801184,6.61115966662688,8.075544022869302,1653568143.828,0,1.4102330889908128
628f729931e2ee7316103093,1,0.998930045898346,7.506845059194625,7.62857934211499,8.075544022869302,1653568153.973,0,1.5904159721874975
628f72a431e2ee7316103094,1,0.9997507442307129,5.850607401883994,6.326871790250006,8.075544022869302,1653568164.445,0,1.4594505857545732
628f72af31e2ee7316103095,1,0.9975498190940739,8.159006711990372,8.14114089675289,8.075544022869302,1653568175.146,0,1.3875807035275864
628f72b931e2ee7316103096,1,0.9997334656268503,8.333832078025512,8.278543580613508,8.075544022869302,1653568185.835,0,1.6243343174183575
628f72c431e2ee7316103097,1,1,8.103630217160458,8.097618156403561,8.075544022869302,1653568196.115,0,1.6102569601695036
628f72ce31e2ee7316103098,1,0.9965452858267735,5.280645884770032,5.878914815099236,8.075544022869302,1653568206.32,0,1.5852173159940162
628f72d831e2ee7316103099,1,1,6.473453842756929,6.816393274173413,8.075544022869302,1653568216.501,0,1.311582394191509
628f72e231e2ee731610309a,1,0.9995120849743305,5.939211111698311,6.396509210749085,8.075544022869302,1653568226.84,0,1.4309592205801025
628f72ed31e2ee731610309b,1,0.9978232152945526,5.354533740831843,5.9369864208269725,8.075544022869302,1653568237.177,0,1.5239349525714352
628f72f731e2ee731610309c,1,0.9979311734800619,7.263415425416617,7.437257649097155,8.075544022869302,1653568247.629,0,1.4602653911976826
628f730231e2ee731610309d,1,0.9982038859602964,6.476844232487894,6.819057925527693,8.075544022869302,1653568258.564,0,1.3755766953937618
628f730c31e2ee731610309e,1,1,6.912800551872331,7.161694521623123,8.075544022869302,1653568268.837,0,1.7553601152080232
628f731731e2ee731610309f,1,1,5.107259365168654,5.7426429817904925,8.075544022869302,1653568279.08,0,1.354211437890048
628f732131e2ee73161030a0,0,0.998481971259174,7.679111786818655,7.766858766501814,8.089034244274945,1653568289.881,0,1.4773363871870229
628f732c31e2ee73161030a1,0,0.9973954515060798,7.859162590299759,7.908368343690924,8.089034244274945,1653568300.611,0,1.61079424221312
628f733631e2ee73161030a2,0,0.9987383164430264,6.769415230658682,7.051889588116013,8.089034244274945,1653568310.757,0,1.33615449004208
628f734131e2ee73161030a3,0,0.9981027106592318,5.827651375594009,6.311717356914749,8.089034244274945,1653568321.154,0,1.4153103100278481
628f734b31e2ee73161030a4,0,0.9980256500407978,8.392247149804863,8.327342150878225,8.089034244274945,1653568331.498,0,1.55059553048601
628f735531e2ee73161030a5,0,0,0,0,0,1653568341.684915,0,1.3759849913241942
628f736031e2ee73161030a6,0,0,0,0,0,1653568352.654231,0,1.6002541655797107
628f736b31e2ee73161030a7,0,0,0,0,0,1653568363.20745,0,1.6002541655797107
628f737531e2ee73161030a8,0,0,0,0,0,1653568373.815817,0,1.6002541655797107
628f738031e2ee73161030a9,0,0,0,0,0,1653568384.396879,0,1.6002541655797107
628f738a31e2ee73161030aa,1,0,0,0,0,1653568394.605884,0,0
628f739531e2ee73161030ab,1,0,0,0,0,1653568405.213842,0,0
628f739f31e2ee73161030ac,1,0,0,0,0,1653568415.888999,0,0
628f73aa31e2ee73161030ad,1,0,0,0,0,1653568426.473775,0,0
628f73b431e2ee73161030ae,1,0,0,0,0,1653568436.624736,0,0
628f75a33377c518ca1845fc,0,0.13362266234798403,6.748197915470793,7.037147702712114,8.098067817490552,1653568931.244,0.06999945925997086,0.07416012000009817
628f75ad3377c518ca1845fd,0,0.17626924113312004,5.8363263228251325,6.32051050833649,8.098261399143011,1653568941.37,0.07245323243173393,0.07198173999998041
628f75b73377c518ca1845fe,0,0.32670658836433764,5.889368447777396,6.362198568206739,8.098261399143011,1653568951.461,0.07189054406737372,0.07382570727230897
628f75c13377c518ca1845ff,0,0.35526491603184934,5.791303203256781,6.285124925541682,8.098261399143011,1653568961.555,0.07239873333379537,0.07255327191008934
628f75cb3377c518ca184600,0,0.36729765736480324,5.799480379015198,6.291551715435436,8.098261399143011,1653568971.665,0.07648927948768967,0.07765700326063264
628f75d53377c518ca184601,0,0.5021965876448924,7.629680249569707,7.729983562705225,8.098261399143011,1653568981.76,0.07398833888873924,0.07580270098999493
628f75df3377c518ca184602,0,0.5454743349749577,7.176937905354683,7.374154116422312,8.098261399143011,1653568991.889,0.07500608750027216,0.07970232000013559
628f75e93377c518ca184603,0,0.5187569492851885,6.474976038775297,6.822452457657134,8.098261399143011,1653569001.97,0.07185693718983661,0.07842157462676083
628f75f43377c518ca184604,0,0.602936966830012,7.266383058301018,7.444452862833513,8.098261399143011,1653569012.058,0.07228277999975327,0.08008255273975233
628f75fe3377c518ca184605,0,0.6779760726242735,7.4935066057867665,7.622958909754722,8.098261399143011,1653569022.163,0.07458442580630822,0.08253581206907716
628f76083377c518ca184606,0,0.7164012263676314,7.0810601028393245,7.298799677378149,8.098261399143011,1653569032.275,0.07492756321266236,0.08474282451601127
628f76123377c518ca184607,0,0.7637928175356368,6.09262435712108,6.521946024126488,8.098261399143011,1653569042.444,0.07773832606394439,0.08770111550805458
628f761c3377c518ca184608,0,0.8333568300738624,5.867329266918059,6.34487703947873,8.098261399143011,1653569052.544,0.08093254377878772,0.08916325572141406
628f76263377c518ca184609,0,0.858821703109545,7.56976449759499,7.682893227283315,8.098261399143011,1653569062.65,0.08272704875004518,0.09199678222221944
628f76303377c518ca18460a,0,0.889725859148913,7.503352905435946,7.630697535038774,8.098261399143011,1653569072.771,0.09153600919115192,0.10114458311680256
628f763a3377c518ca18460b,0,0.8754278758660348,8.393444282443273,8.33025817006365,8.098261399143011,1653569082.896,0.09630937066653536,0.09901055677645948
628f76453377c518ca18460c,0,0.9278522033972633,6.697001111554422,6.996951396661607,8.098261399143011,1653569093.006,0.09859186085396748,0.10478894468870238
628f764f3377c518ca18460d,0,0.9295613133191324,5.865469214327679,6.343415145110445,8.098261399143011,1653569103.268,0.11303732293911653,0.11481143105800944
628f76593377c518ca18460e,0,0.9570357505589294,7.581738150014014,7.692303829504833,8.098261399143011,1653569113.43,0.12180955016718442,0.12808394835529294
628f76633377c518ca18460f,0,0.9691964942209056,7.7122378192840735,7.794869064786679,8.098261399143011,1653569123.597,0.12630216006818148,0.1300307435673023
628f766d3377c518ca184610,0,0.99610314137539,6.9303826621540106,7.180375874145558,8.098261399143011,1653569133.768,0.16402369914049375,0.1805281169096866
628f76783377c518ca184611,0,0.9926874631460342,7.110313093328046,7.321790845623674,8.098261399143011,1653569144.058,0.14692985397728495,0.1365733469914302
628f76823377c518ca184612,0,0.9902397608484873,6.817400555696623,7.091578435835887,8.098261399143011,1653569154.226,0.19722798679778064,0.26811099717866843
628f768c3377c518ca184613,0,0.9984536827053104,8.164303481173857,8.150166677676546,8.098261399143011,1653569164.632,0.36818962931938964,0.41924978641021504
628f76963377c518ca184614,0,0.9994934244682966,6.46133268095678,6.811729563012898,8.098261399143011,1653569174.86,0.6956179170939604,0.9863676037414666
628f76a13377c518ca184615,0,1,7.035030585495936,7.262623123808004,8.098261399143011,1653569185.162,0.7918060600509366,0.9409643261083529
628f76ab3377c518ca184616,0,0.9995399897417113,6.882279097007677,7.142569238276471,8.098261399143011,1653569195.423,0.8541029993103464,1.4956870005420455
628f76b53377c518ca184617,0,1,7.473679484135581,7.607375932353397,8.098261399143011,1653569205.656,0.9475944261904313,1.7768822268011542
628f76bf3377c518ca184618,0,1,7.555492141167076,7.671675975904493,8.098261399143011,1653569215.905,0.9750770886935265,1.737701081233249
628f76ca3377c518ca184619,0,0.999053236784802,8.351310873589531,8.297143733709277,8.098261399143011,1653569226.34,0.9899892201570973,1.7725640776978524
628f76d43377c518ca18461a,0,0.9992391734279464,6.70509765143564,7.003314811393085,8.098261399143011,1653569236.783,0.8565629516128621,1.696543305012544
628f76de3377c518ca18461b,0,0.9987347343957685,7.80490821348211,7.8677026653448054,8.098261399143011,1653569246.922,0.8705055824022119,1.756852282170499
628f76e93377c518ca18461c,0,1,8.047126758412194,8.05807251217537,8.098261399143011,1653569257.201,0.9249072321899492,1.6900055171568324
628f76f33377c518ca18461d,0,1,8.330705693257876,8.280949246929637,8.098261399143011,1653569267.558,0.9769774797333715,1.7455557268656605
628f76fd3377c518ca18461e,0,0.9997445110241011,6.6882643305616964,6.99008478923542,8.098261399143011,1653569277.89,0.980899347580709,1.7200089030690842
628f77083377c518ca18461f,0,0.9997564676668419,7.231297922924911,7.416877964101019,8.098261399143011,1653569288.122,1.0550258218996977,1.8082194587499543
628f77123377c518ca184620,0,1,6.910581514559423,7.164813310859005,8.098261399143011,1653569298.435,0.9421603010610099,1.8525545686075928
628f771c3377c518ca184621,0,1,6.998347657966589,7.233792452328765,8.098261399143011,1653569308.628,1.0348024079019436,1.7108523879999606
628f77273377c518ca184622,0,0,0,0,0,1653569319.070583,0.865084762077827,1.8050550978155513
628f77313377c518ca184623,0,0,0,0,0,1653569329.328469,0.865084762077827,1.8050550978155513
628f773b3377c518ca184624,0,0,0,0,0,1653569339.790424,0.865084762077827,1.8050550978155513
628f77463377c518ca184625,0,0,0,0,0,1653569350.120738,0.865084762077827,1.8050550978155513
628f77503377c518ca184626,0,0,0,0,0,1653569360.388782,0.865084762077827,1.8050550978155513
628f775a3377c518ca184627,1,0,0,0,0,1653569370.726722,0,0
628f77653377c518ca184628,1,0,0,0,0,1653569381.074663,0,0
628f776f3377c518ca184629,1,0,0,0,0,1653569391.48514,0,0
628f77793377c518ca18462a,1,0,0,0,0,1653569401.787678,0,0
628f77bffa06e03d9c51b755,0,0.10286220610003195,7.229666984774071,7.41559842566842,8.098272074601786,1653569471.622,0.07537715476133772,0
628f77c9fa06e03d9c51b756,0,0.17674768118861262,7.483731831711352,7.615278784620464,8.098272074601786,1653569481.756,0.07293456714251079,0
628f77d3fa06e03d9c51b757,0,0.25089016775573725,7.89023589694899,7.934767602694359,8.098272074601786,1653569491.874,0.0734169642103983,0
628f77defa06e03d9c51b758,0,0.33417446229675885,7.132858186782307,7.339512277719414,8.098272074601786,1653569501.999,0.0741859093022374,0
628f77e8fa06e03d9c51b759,0,0.37523740374595405,7.742614284638765,7.8187455048302565,8.098272074601786,1653569512.111,0.0759101509936123,0
628f77f2fa06e03d9c51b75a,0,0.5060454994710343,7.137209035098654,7.34293179428783,8.098272074601786,1653569522.223,0.07539465979891759,0
628f77fcfa06e03d9c51b75b,0,0.6181194657225021,7.140588763836239,7.345588066714405,8.098272074601786,1653569532.338,0.06828745528445124,0
628f7806fa06e03d9c51b75c,0,0.6969476537694852,8.20766193508504,8.184246214158378,8.098272074601786,1653569542.487,0.070947596819762,0
628f7810fa06e03d9c51b75d,0,0.7392415581509743,8.021492690585248,8.037927894187389,8.098272074601786,1653569552.621,0.07342777774085993,0
628f781afa06e03d9c51b75e,0,0.7472173150340329,7.947800415292892,7.980010003697002,8.098272074601786,1653569562.752,0.07602747190329372,0
628f7824fa06e03d9c51b75f,0,0.8103870626522693,8.124565112941907,8.1189368906792,8.098272074601786,1653569572.881,0.07248967888565663,0
628f782ffa06e03d9c51b760,0,0.8327957634543417,7.3154939904036045,7.483053516360738,8.098272074601786,1653569583.042,0.07652265382510777,0
628f7839fa06e03d9c51b761,0,0.8929022608718207,7.845790215549329,7.899835853092874,8.098272074601786,1653569593.224,0.07920435671645347,0
628f7843fa06e03d9c51b762,0,0.8973525946042025,7.3728371477576955,7.528121940355401,8.098272074601786,1653569603.318,0.07945130677193689,0
628f784dfa06e03d9c51b763,0,0.928256176371486,8.149663805064954,8.13866301931436,8.098272074601786,1653569613.413,0.09359596887976801,0
628f7857fa06e03d9c51b764,0,0.9440692758728367,7.973979550635901,8.00058529856901,8.098272074601786,1653569623.518,0.08685954324327497,0
628f7861fa06e03d9c51b765,0,0.9785974188002939,7.905629402207955,7.9468660125794495,8.098272074601786,1653569633.709,0.11020944171322394,0
628f786bfa06e03d9c51b766,0,0.9917115975630285,7.927637569268369,7.9641631662450445,8.098272074601786,1653569643.84,0.14730499361706517,0
628f7875fa06e03d9c51b767,0,1,8.203235102961333,8.180766978687048,8.098272074601786,1653569653.999,0.3099947852739978,0
628f7880fa06e03d9c51b768,0,0.999479500750039,7.477557565854602,7.61042616672624,8.098272074601786,1653569664.127,0.3825973172060665,0
628f788afa06e03d9c51b769,0,1,7.9209862724169415,7.958935629422064,8.098272074601786,1653569674.289,0.8692060486393939,0
628f7894fa06e03d9c51b76a,0,1,7.4545185776525,7.592318846923657,8.098272074601786,1653569684.501,1.4455017752981516,0
628f789efa06e03d9c51b76b,0,0.9994957332413743,8.18914863549071,8.16969582533857,8.098272074601786,1653569694.71,1.6280697340945802,0
628f78a8fa06e03d9c51b76c,0,0.9995179335405431,8.117004724109563,8.112994859839207,8.098272074601786,1653569704.85,1.6906864929823961,0
628f78b3fa06e03d9c51b76d,0,0.9989655809334657,8.24625550646426,8.214578541826466,8.098272074601786,1653569715.048,1.7902816353534914,0
628f78bdfa06e03d9c51b76e,0,0.9997403457463594,7.571836607035504,7.684524071302957,8.098272074601786,1653569725.197,1.7641522866550494,0
628f78c7fa06e03d9c51b76f,0,0.9990457659328307,7.851214141308396,7.904098746820817,8.098272074601786,1653569735.301,1.7606035452269577,0
628f78d1fa06e03d9c51b770,0,0.9997553302160813,8.077571066452029,8.082002272667978,8.098272074601786,1653569745.484,1.657172767464105,0
628f78dbfa06e03d9c51b771,0,0.9990052769045115,7.943527295310094,7.976651577128761,8.098272074601786,1653569755.676,1.7357524363486798,0
628f78e5fa06e03d9c51b772,0,1,7.768854672234647,7.839368940450533,8.098272074601786,1653569765.828,1.7505739183007059,0
628f78f0fa06e03d9c51b773,0,1,7.747576686302616,7.82264566716065,8.098272074601786,1653569776.005,1.7016786484949697,0
628f78fafa06e03d9c51b774,0,0.9994795742692901,7.87940316465783,7.926253698081399,8.098272074601786,1653569786.202,1.7097055852101104,0
628f7904fa06e03d9c51b775,0,0,0,0,0,1653569796.373824,1.7097055852101104,0
628f790efa06e03d9c51b776,0,0,0,0,0,1653569806.539412,1.7097055852101104,0
628f7918fa06e03d9c51b777,0,0,0,0,0,1653569816.688761,1.7097055852101104,0
628f7922fa06e03d9c51b778,0,0,0,0,0,1653569826.841527,1.7097055852101104,0
628f792cfa06e03d9c51b779,1,0,0,0,0,1653569836.995025,0,0
628f79452995bd429c9c7c51,1,0,0,0,0,1653569861.857904,0,0
628f79502995bd429c9c7c52,1,0,0,0,0,1653569872.078073,0,0
628f799f3d41bbe6beda92e6,0,0.020980983180324486,8.1636603325187,8.151410110547944,8.106431683592326,1653569951.665,0,0
628f79a93d41bbe6beda92e7,0,0.019041041253437863,8.120429422855585,8.141473006978282,8.218737509907838,1653569961.783,0,0
628f79f6cd9006997bd7fff7,1,0.0718312236643841,1.420835170038752,2.667965296359088,7.246980388882427,1653570038.015,0,0.07260633333333334
628f7a00cd9006997bd7fff8,1,0.1012597524119152,1.5586794884024013,2.8067105891263013,7.389033736923768,1653570048.137,0,0.07084345128205129
628f7a0acd9006997bd7fff9,1,0.16079009253017376,0.8756412727443383,2.3286583337894213,7.663616500384431,1653570058.237,0,0.06951488617886181
628f7a14cd9006997bd7fffa,1,0.17413670858421726,1.1595700820091148,2.544731531591498,7.630548199282251,1653570068.337,0,0.06893818888888892
628f7a1ecd9006997bd7fffb,1,0.19529960117787015,1.3967099235293874,2.742943750065514,7.685832130095703,1653570078.417,0,0.069403570700637
628f7a28cd9006997bd7fffc,1,0.23500453355277925,1.5284524707912683,2.8695836251171922,7.793736820606809,1653570088.504,0,0.07086861263157897
628f7a32cd9006997bd7fffd,1,0.29343809127057396,1.636008713127156,2.926332274332404,7.6639381875421915,1653570098.598,0,0.07186246508620683
628f7a3ccd9006997bd7fffe,1,0.3009797137393152,1.3128197296425674,2.6620046795340038,7.615728527410465,1653570108.673,0,0.07124005062761507
628f7a46cd9006997bd7ffff,1,0.3569806556894447,0.9951589558159234,2.4129509558766897,7.618575316417195,1653570118.743,0,0.07351279130434779
628f7a50cd9006997bd80000,1,0.43765444035582945,1.0762206912410068,2.4778235087062357,7.624006989842036,1653570128.842,0,0.07465806006006004
628f7a5acd9006997bd80001,1,0.4764944159515794,1.4154236497992536,2.7452828419924256,7.628049430231594,1653570138.971,0,0.07784009303621163
628f7a65cd9006997bd80002,1,0.604675909608579,1.4974683288139388,2.8098383666664484,7.6283910449124015,1653570149.09,0,0.08202985291005292
628f7a6fcd9006997bd80003,1,0.5031193548513815,1.224332903082939,2.618306438735293,7.736477929919938,1653570159.187,0,0.07779944122340418
628f7a79cd9006997bd80004,1,0.5858728891185334,1.5093159876748392,2.8208635120846193,7.636396215599327,1653570169.282,0,0.08261655081585083
628f7a83cd9006997bd80005,1,0.654403519547603,1.5398973379386622,2.8455031962700374,7.639220230294003,1653570179.395,0,0.08308123213530641
628f7a8dcd9006997bd80006,1,0.7032108913393319,1.4921207745347183,2.8087140669125987,7.642773022974403,1653570189.451,0,0.0927070461065575
628f7a97cd9006997bd80007,1,0.7554510696422538,1.824606919591314,3.0709869962936316,7.647248175292983,1653570199.522,0,0.09142781178707211
628f7aa1cd9006997bd80008,1,0.7525799796630384,1.3730399983554546,2.7162714903630416,7.648136373463083,1653570209.67,0,0.09046398566037735
628f7aabcd9006997bd80009,1,0.8434247484513437,1.35025668015822,2.69891111387931,7.6506870964131135,1653570219.801,0,0.10436645262237777
628f7ab6cd9006997bd8000a,1,0.8968234905861494,1.4804433038954052,2.8012863760184668,7.650949001001733,1653570230.09,0,0.11449409047619061
628f7ac0cd9006997bd8000b,1,0.9950424175919026,1.7114666427594214,2.984081062827294,7.656665353327247,1653570240.582,0,0.2560530933734941
628f7acbcd9006997bd8000c,1,0.9934217552708499,2.494674389194994,3.599917624095711,7.657974876270343,1653570251.446,0,0.2248843102071006
628f7ad6cd9006997bd8000d,1,0.9958228079621712,2.3318315920460666,3.47358380842147,7.6656889627813305,1653570262.776,0,0.671280294230769
628f7ae2cd9006997bd8000e,1,0.9989106879347756,3.00534101182142,4.003447544081588,7.668137201327118,1653570274.01,0,0.7956618378289471
628f7aedcd9006997bd8000f,1,0.9981880692512752,3.223160419630404,4.175452761856961,7.671929124284083,1653570285.696,0,1.316062988905546
628f7af8cd9006997bd80010,1,1,2.3052521848607124,3.4542198018073007,7.672817322454184,1653570296.871,0,1.356176614108527
628f7b03cd9006997bd80011,1,0.9972023439064298,2.4544095617263344,3.57169023541122,7.673944650900848,1653570307.762,0,1.3308366400887586
628f7b0ecd9006997bd80012,1,0.9978352022271959,4.337560066526285,5.052092436242842,7.67559934701101,1653570318.48,0,1.4754579467422113
628f7b19cd9006997bd80013,1,0.9965960253426196,3.1608430366016225,4.1274725843127955,7.676590029585353,1653570329.951,0,1.3585727491869917
628f7b24cd9006997bd80014,1,0.9942386778252237,3.5238727338546045,4.412807674308635,7.676658352521514,1653570340.886,0,1.5239885186732198
628f7b2fcd9006997bd80015,1,0.996330827142733,4.14057572883347,4.897500763056092,7.676658352521514,1653570351.732,0,1.5055176756393025
628f7b3acd9006997bd80016,1,0.9956840486027229,4.043252101779591,4.821061176702082,7.676897482798079,1653570362.526,0,1.4593420518569444
628f7b44cd9006997bd80017,1,0.9944540618250001,2.7333573610479065,3.7915884898826273,7.677034128670402,1653570372.813,0,1.4905174403747863
628f7b50cd9006997bd80018,1,0.9977910733138331,4.021709723211745,4.8041593560800155,7.677034128670402,1653570384.134,0,1.4912738870198647
628f7b5acd9006997bd80019,1,0.9959013677872305,3.5301127101978214,4.417792374572316,7.677034128670402,1653570394.754,0,1.476588832163745
628f7b65cd9006997bd8001a,1,0,0,0,0,1653570405.184042,0,1.476588832163745
628f7b6fcd9006997bd8001b,1,0,0,0,0,1653570415.790321,0,1.476588832163745
628f7b7acd9006997bd8001c,1,0,0,0,0,1653570426.606231,0,1.476588832163745
628f7b85cd9006997bd8001d,1,0,0,0,0,1653570437.160221,0,1.476588832163745
628f7b90cd9006997bd8001e,1,0,0,0,0,1653570448.613328,0,0
628f7b9ccd9006997bd8001f,1,0,0,0,0,1653570460.063441,0,0
628f7ba6cd9006997bd80020,1,0,0,0,0,1653570470.68528,0,0
628f7bb1cd9006997bd80021,1,0,0,0,0,1653570481.35286,0,0
628f7bbbcd9006997bd80022,1,0,0,0,0,1653570491.884795,0,0
628f7bc7cd9006997bd80023,1,0,0,0,0,1653570503.149731,0,0
628f7bd2cd9006997bd80024,1,0,0,0,0,1653570514.606579,0,0
628f7bddcd9006997bd80025,1,0,0,0,0,1653570525.687321,0,0
628f7be8cd9006997bd80026,1,0,0,0,0,1653570536.267673,0,0
628f7bf3cd9006997bd80027,1,0,0,0,0,1653570547.177803,0,0
628f7bfdcd9006997bd80028,1,0,0,0,0,1653570557.876226,0,0
628f7c09cd9006997bd80029,1,0,0,0,0,1653570569.165352,0,0
628f7c14cd9006997bd8002a,1,0,0,0,0,1653570580.230989,0,0
628f7c1fcd9006997bd8002b,1,0,0,0,0,1653570591.537017,0,0
628f7c2acd9006997bd8002c,1,0,0,0,0,1653570602.259941,0,0
628f7cf02d56d174968fec69,0,0.3369019142152172,6.985662432698536,7.142868137479325,7.7200711731769,1653570800.654,0,0.08325627627111656
628f7cfa2d56d174968fec6a,0,0.25583509749820355,5.770889533133473,6.188126497482792,7.7200711731769,1653570810.787,0,0.0779692919752927
628f7d042d56d174968fec6b,0,0.2952747831063919,6.642375344494676,6.87306422787718,7.7200711731769,1653570820.89,0,0.07717721387560136
628f7d0e2d56d174968fec6c,0,0.36059639635298507,7.100334791197202,7.232994016690563,7.7200711731769,1653570830.991,0,0.07971043181819505
628f7d192d56d174968fec6d,0,0.5544949170627479,6.559128880771742,6.807637294721853,7.7200711731769,1653570841.084,0,0.08472967184465952
628f7d232d56d174968fec6e,0,0.6382540222326327,5.6890751315757875,6.123851895403092,7.720196431893196,1653570851.16,0,0.08985962576176901
628f7d2d2d56d174968fec6f,0,0.5627425502911487,7.5694694788327395,7.601733714781097,7.720196431893196,1653570861.263,0,0.08920760201508712
628f7d372d56d174968fec70,0,0.760485323333389,7.6624823816726275,7.674836507434759,7.720196431893196,1653570871.338,0,0.0961876734693853
628f7d412d56d174968fec71,0,0.7500196684524861,6.790135937391324,6.989222369058381,7.720196431893196,1653570881.491,0,0.09414831515746264
628f7d4b2d56d174968fec72,0,0.8133266458972774,6.789194280921538,6.988496906263282,7.7202647548293575,1653570891.681,0,0.10289304249083829
628f7d562d56d174968fec73,0,0.9721911664154956,7.471308866880439,7.524760619248498,7.721016307127134,1653570902.4,0,0.20700966363637052
628f7d602d56d174968fec74,0,1,5.906145556140792,6.294632266292156,7.721016307127134,1653570912.643,0,0.40564365837321686
628f7d6c2d56d174968fec75,0,0.9916083442864954,7.165566889815974,7.284466074269686,7.721021289007896,1653570924.071,0,1.043703254604185
628f7d762d56d174968fec76,0,0.9993967785957162,6.28926889987945,6.595746248253473,7.721021289007896,1653570934.868,0,0.9841153768501029
628f7d822d56d174968fec77,0,1,6.369807858956445,6.65904523846005,7.721021289007896,1653570946.105,0,1.1406122554896199
628f7d8c2d56d174968fec78,0,0.999355274446573,6.176737656523899,6.518666816511093,7.774108210405403,1653570956.383,0,1.7014147622542568
628f7d972d56d174968fec79,0,0.9985163011453073,6.4786786986941625,6.745072146238081,7.723173461496985,1653570967.197,0,1.8353122861862046
628f7da12d56d174968fec7a,0,1,7.039531463064572,7.185870165557833,7.723173461496985,1653570977.939,0,1.4779995150969616
628f7dad2d56d174968fec7b,0,0.9988229562084712,6.38278403242564,6.669731265822385,7.723298720213281,1653570989.063,0,1.3260504399159576
628f7db72d56d174968fec7c,0,0.9987311258527514,6.953215796265765,7.118057827857008,7.723298720213281,1653570999.549,0,1.439005720796462
628f7dc12d56d174968fec7d,0,0,0,0,0,1653571009.979966,0,1.439005720796462
628f7dcc2d56d174968fec7e,0,0,0,0,0,1653571020.998451,0,1.439005720796462
628f7dd82d56d174968fec7f,0,0,0,0,0,1653571032.17984,0,1.439005720796462
628f7de42d56d174968fec80,0,0,0,0,0,1653571044.065987,0,1.439005720796462
628f7dee2d56d174968fec81,1,0,0,0,0,1653571054.223824,0,0
628f7df92d56d174968fec82,1,0,0,0,0,1653571065.364737,0,0
628f7e042d56d174968fec83,1,0,0,0,0,1653571076.440103,0,0
628f7e0f2d56d174968fec84,1,0,0,0,0,1653571087.038301,0,0
628f7e192d56d174968fec85,1,0,0,0,0,1653571097.664656,0,0
628f7e242d56d174968fec86,1,0,0,0,0,1653571108.05658,0,0
628f7e2e2d56d174968fec87,1,0,0,0,0,1653571118.930698,0,0
628f7e3a2d56d174968fec88,1,0,0,0,0,1653571130.33365,0,0